Workbook

Sheet Mode_emploi
A1: P11 — Source de données du dashboard de veille Data / BI
A3: Fichier d’alimentation Power BI — version d’amorçage pédagogique, sourcée et modifiable
A5: Rubrique | B5: Contenu
A6: Objectif | B6: Alimenter le tableau de bord de veille métier et technologique attendu dans le projet P11.
A7: Usage | B7: Importer les tables Sources, Thematiques, Veille et Recommandations dans Power BI Desktop.
A8: Périmètre | B8: Veille Data / BI : Power BI, Fabric, IA générative, gouvernance, data quality, automatisation et éthique.
A9: Principe | B9: Jeu de données volontairement simple : assez riche pour démontrer la démarche, sans complexité excessive.
A10: Mise à jour | B10: Ajouter une ligne dans Veille à chaque observation utile ; relier la ligne à une Source_ID existante.
A12: Étape | B12: Action | C12: Dans Power BI | D12: Résultat attendu
A13: 1 | B13: Importer ce fichier Excel. | C13: Accueil > Obtenir des données > Excel | D13: Tables chargées dans le modèle.
A14: 2 | B14: Charger Sources, Thematiques, Veille et Recommandations. | C14: Power Query > Fermer & appliquer | D14: Modèle prêt à être relié.
A15: 3 | B15: Créer les relations. | C15: Modèle : Sources[Source_ID] → Veille[Source_ID] ; Thematiques[Thematique] → Veille[Thematique] | D15: Filtres cohérents par source et thématique.
A16: 4 | B16: Ajouter les mesures DAX proposées. | C16: Vue Rapport > Nouvelle mesure | D16: KPI disponibles.
A17: 5 | B17: Créer une page unique de dashboard. | C17: KPI + matrice impact/maturité + sources + recommandations | D17: Dashboard lisible en moins de 3 minutes.
A18: 6 | B18: Exporter en PDF et sauvegarder le PBIX. | C18: Fichier > Exporter > PDF | D18: Livrables intégrables au portfolio.
A19: 7 | B19: Documenter les arbitrages. | C19: Page Gestion du projet P11 | D19: Traçabilité du besoin OC.

Sheet Sources
A1: Source_ID | B1: Nom_source | C1: Type_source | D1: Organisme | E1: URL | F1: Langue | G1: Fiabilite | H1: Frequence_suivi | I1: Thematique_principale | J1: Commentaire
A2: S001 | B2: Documentation Power BI | C2: Documentation officielle | D2: Microsoft Learn | E2: https://learn.microsoft.com/fr-fr/power-bi/ | F2: FR | G2: Haute | H2: Mensuelle | I2: Power BI | J2: Référence produit et bonnes pratiques.
A3: S002 | B3: What's new in Power BI | C3: Documentation officielle | D3: Microsoft Learn | E3: https://learn.microsoft.com/en-us/power-bi/fundamentals/whats-new | F3: EN | G3: Haute | H3: Mensuelle | I3: Power BI | J3: Suivi des nouveautés Power BI.
A4: S003 | B4: Power BI Updates Blog | C4: Blog éditeur | D4: Microsoft Fabric Community | E4: https://community.fabric.microsoft.com/t5/Power-BI-Updates-Blog/bg-p/fbc_pbiupdatesblog | F4: EN | G4: Haute | H4: Mensuelle | I4: Power BI | J4: Annonces mensuelles et évolutions produit.
A5: S004 | B5: Microsoft Fabric Blog | C5: Blog éditeur | D5: Microsoft | E5: https://blog.fabric.microsoft.com/ | F5: EN | G5: Haute | H5: Mensuelle | I5: Microsoft Fabric | J5: Actualités Fabric et analytics.
A6: S005 | B6: What's new in Microsoft Fabric | C6: Documentation officielle | D6: Microsoft Learn | E6: https://learn.microsoft.com/en-us/fabric/fundamentals/whats-new | F6: EN | G6: Haute | H6: Mensuelle | I6: Microsoft Fabric | J6: Suivi des nouveautés Fabric.
A7: S006 | B7: Présentation Power BI | C7: Page produit officielle | D7: Microsoft | E7: https://www.microsoft.com/fr-fr/power-platform/products/power-bi | F7: FR | G7: Haute | H7: Trimestrielle | I7: Self-service BI | J7: Positionnement produit et usages métiers.
A8: S007 | B8: Chaîne Microsoft Power BI | C8: Vidéo officielle | D8: Microsoft Power BI | E8: https://www.youtube.com/@MicrosoftPowerBI | F8: EN | G8: Haute | H8: Mensuelle | I8: Formation BI | J8: Tutoriels et démonstrations.
A9: S008 | B9: CNIL — Intelligence artificielle | C9: Institution | D9: CNIL | E9: https://www.cnil.fr/en/topics/artificial-intelligence-ai | F9: EN | G9: Haute | H9: Mensuelle | I9: IA responsable | J9: Principes et recommandations IA.
A10: S009 | B10: CNIL — AI system development and GDPR | C10: Institution | D10: CNIL | E10: https://www.cnil.fr/en/ai-system-development-cnils-recommendations-to-comply-gdpr | F10: EN | G10: Haute | H10: Trimestrielle | I10: Conformité IA | J10: Recommandations pour développer des systèmes IA conformes RGPD.
A11: S010 | B11: AI Act — Commission européenne | C11: Institution | D11: Commission européenne | E11: https://digital-strategy.ec.europa.eu/en/policies/regulatory-framework-ai | F11: EN | G11: Haute | H11: Trimestrielle | I11: Réglementation IA | J11: Cadre européen de l’IA.
A12: S011 | B12: CNIL — GDPR Developer's Guide | C12: Institution | D12: CNIL | E12: https://www.cnil.fr/en/gdpr-developers-guide | F12: EN | G12: Haute | H12: Trimestrielle | I12: Privacy by design | J12: Guide développeur RGPD.
... A16: S015 | B16: Gartner Data & Analytics | C16: Analyste / veille marché | D16: Gartner | E16: https://www.gartner.com/en/topics/data-and-analytics | F16: EN | G16: Moyenne | H16: Trimestrielle | I16: Marché Data | J16: Tendances marché et positionnement.

Sheet Thematiques
A1: Thematique | B1: Domaine | C1: Description | D1: Priorite | E1: Couleur_indicative | F1: Exemple_usage_dashboard
A2: Power BI | B2: BI / Reporting | C2: Évolutions Power BI Desktop, service, DAX, publication et partage. | D2: Haute | E2: Bleu | F2: Suivre les nouveautés exploitables dans le portfolio et la formation.
A3: Microsoft Fabric | B3: Plateforme Data | C3: Écosystème Fabric, lakehouse, data engineering, real-time analytics. | D3: Moyenne | E3: Indigo | F3: Comprendre les trajectoires d’industrialisation BI.
A4: IA générative | B4: Innovation | C4: Copilots, assistants, analyse augmentée, agents et usages Data. | D4: Haute | E4: Violet | F4: Identifier les usages à tester sans surpromettre.
A5: Data Quality | B5: Fiabilisation | C5: Contrôles, détection d’anomalies, qualité et fiabilité des indicateurs. | D5: Haute | E5: Vert | F5: Renforcer le fil conducteur fiabiliser les données.
A6: Data Governance | B6: Gouvernance | C6: Catalogage, lineage, rôles, responsabilités et conformité. | D6: Haute | E6: Sarcelle | F6: Relier données, conformité et traçabilité.
A7: Self-service BI | B7: Adoption métier | C7: Autonomie des utilisateurs, gouvernance légère et diffusion des rapports. | D7: Moyenne | E7: Cyan | F7: Accompagnement des équipes et pédagogie.
A8: Automatisation / APIs | B8: Industrialisation légère | C8: Flux automatisés, connecteurs, APIs, rafraîchissement et observabilité. | D8: Moyenne | E8: Orange | F8: Prioriser les gains de temps réalistes.
A9: Réglementation & éthique | B9: Conformité | C9: RGPD, AI Act, privacy by design et responsabilité des usages IA. | D9: Haute | E9: Rouge | F9: Sécuriser les usages Data / IA dans un contexte client.

Sheet Veille
A1: Veille_ID | B1: Date_observation | C1: Titre | D1: Source_ID | E1: Thematique | F1: Sous_thematique | G1: Resume | H1: Impact_metier | I1: Maturite | J1: Urgence | K1: Urgence_score | L1: Pertinence_Aeroworld | M1: Pertinence_portfolio | N1: Statut | O1: Recommandation | P1: Lien_source | Q1: Score_priorite | R1: Action_cible
A2: V001 | B2: 46193 | C2: Suivre les nouveautés Power BI mensuelles | D2: S002 | E2: Power BI | F2: Nouveautés produit | G2: Les mises à jour Power BI peuvent améliorer reporting, modélisation et publication. | H2: 4 | I2: 5 | J2: Moyenne | K2: 2 | L2: Forte | M2: Forte | N2: À surveiller | O2: Revoir les nouveautés utiles au dashboard profil et veille. | P2: https://learn.microsoft.com/en-us/power-bi/fundamentals/whats-new | Q2: =H2*K2+I2 -> 13 | R2: Dashboard
A3: V002 | B3: 46193 | C3: Structurer une veille à partir de sources officielles | D3: S001 | E3: Power BI | F3: Documentation | G3: La documentation officielle reste la base de validation des choix BI. | H3: 5 | I3: 5 | J3: Haute | K3: 3 | L3: Forte | M3: Forte | N3: Recommandé | O3: Citer les sources officielles dans le fichier d’alimentation. | P3: https://learn.microsoft.com/fr-fr/power-bi/ | Q3: =H3*K3+I3 -> 20 | R3: Documentation
A4: V003 | B4: 46194 | C4: Power BI comme support de self-service BI | D4: S006 | E4: Self-service BI | F4: Adoption métier | G4: La BI self-service soutient l’autonomie des utilisateurs sous réserve de gouvernance. | H4: 4 | I4: 4 | J4: Moyenne | K4: 2 | L4: Forte | M4: Moyenne | N4: À tester | O4: Prévoir une recommandation sur l’accompagnement des utilisateurs. | P4: https://www.microsoft.com/fr-fr/power-platform/products/power-bi | Q4: =H4*K4+I4 -> 12 | R4: Formation
A5: V004 | B5: 46194 | C5: Surveiller l’intégration Fabric dans l’écosystème Microsoft | D5: S004 | E5: Microsoft Fabric | F5: Plateforme unifiée | G5: Fabric peut devenir une trajectoire d’évolution pour les projets BI plus industrialisés. | H5: 3 | I5: 3 | J5: Faible | K5: 1 | L5: Moyenne | M5: Moyenne | N5: À surveiller | O5: Présenter Fabric comme piste future, hors périmètre P11. | P5: https://blog.fabric.microsoft.com/ | Q5: =H5*K5+I5 -> 6 | R5: Veille
A6: V005 | B6: 46195 | C6: Relier qualité des données et confiance dans les indicateurs | D6: S014 | E6: Data Quality | F6: Contrôles | G6: Les traitements BI doivent intégrer règles de contrôle et documentation. | H6: 5 | I6: 4 | J6: Haute | K6: 3 | L6: Forte | M6: Forte | N6: Recommandé | O6: Faire apparaître la data quality comme axe clé du portfolio. | P6: https://www.getdbt.com/blog | Q6: =H6*K6+I6 -> 19 | R6: Portfolio
A7: V006 | B7: 46195 | C7: Documenter les transformations Power Query | D7: S001 | E7: Power BI | F7: Power Query | G7: La documentation des transformations facilite maintenance et audit. | H7: 4 | I7: 5 | J7: Moyenne | K7: 2 | L7: Forte | M7: Forte | N7: Recommandé | O7: Prévoir une procédure utilisateur Power BI courte. | P7: https://learn.microsoft.com/fr-fr/power-bi/ | Q7: =H7*K7+I7 -> 13 | R7: Documentation
A8: V007 | B8: 46196 | C8: Analyser les usages de Copilot et IA générative en BI | D8: S003 | E8: IA générative | F8: Analyse augmentée | G8: Les fonctions IA peuvent assister analyse, résumé et exploration mais nécessitent cadrage. | H8: 4 | I8: 3 | J8: Moyenne | K8: 2 | L8: Forte | M8: Forte | N8: À surveiller | O8: Positionner l’IA comme accélérateur contrôlé, pas comme substitut à l’analyse. | P8: https://community.fabric.microsoft.com/t5/Power-BI-Updates-Blog/bg-p/fbc_pbiupdatesblog | Q8: =H8*K8+I8 -> 11 | R8: Veille
A9: V008 | B9: 46196 | C9: Évaluer les risques de confidentialité dans l’usage IA | D9: S008 | E9: Réglementation & éthique | F9: IA responsable | G9: L’usage de l’IA doit respecter protection des données, transparence et minimisation. | H9: 5 | I9: 4 | J9: Haute | K9: 3 | L9: Forte | M9: Forte | N9: Recommandé | O9: Ajouter un rappel RGPD / IA responsable dans la veille. | P9: https://www.cnil.fr/en/topics/artificial-intelligence-ai | Q9: =H9*K9+I9 -> 19 | R9: Documentation
A10: V009 | B10: 46197 | C10: AI Act : surveiller le cadre européen | D10: S010 | E10: Réglementation & éthique | F10: AI Act | G10: Le cadre européen de l’IA structure les obligations selon les risques. | H10: 4 | I10: 3 | J10: Moyenne | K10: 2 | L10: Forte | M10: Moyenne | N10: À surveiller | O10: Conserver un suivi trimestriel des obligations IA. | P10: https://digital-strategy.ec.europa.eu/en/policies/regulatory-framework-ai | Q10: =H10*K10+I10 -> 11 | R10: Veille
A11: V010 | B11: 46197 | C11: Privacy by design dans les projets Data | D11: S011 | E11: Data Governance | F11: Privacy by design | G11: Les projets Data doivent intégrer la protection des données dès la conception. | H11: 5 | I11: 4 | J11: Haute | K11: 3 | L11: Forte | M11: Forte | N11: Recommandé | O11: Relier P4 RGPD au dashboard de veille. | P11: https://www.cnil.fr/en/gdpr-developers-guide | Q11: =H11*K11+I11 -> 19 | R11: Portfolio
A12: V011 | B12: 46198 | C12: Benchmark Data visualisation entre Power BI et Tableau | D12: S012 | E12: Self-service BI | F12: Visualisation | G12: La comparaison d’outils aide à justifier le choix Power BI. | H12: 3 | I12: 5 | J12: Faible | K12: 1 | L12: Moyenne | M12: Moyenne | N12: À documenter | O12: Conserver Power BI comme outil principal pour conformité au parcours. | P12: https://www.tableau.com/blog | Q12: =H12*K12+I12 -> 8 | R12: Dashboard
A13: V012 | B13: 46198 | C13: Suivre les usages du semantic model Power BI | D13: S002 | E13: Power BI | F13: Modèle sémantique | G13: Les modèles sémantiques améliorent cohérence des mesures et réutilisation. | H13: 4 | I13: 4 | J13: Moyenne | K13: 2 | L13: Forte | M13: Moyenne | N13: À surveiller | O13: Prévoir des mesures DAX simples et documentées. | P13: https://learn.microsoft.com/en-us/power-bi/fundamentals/whats-new | Q13: =H13*K13+I13 -> 12 | R13: Dashboard
... A33: V032 | B33: 46208 | C33: Conserver une veille actualisable | D33: S004 | E33: Microsoft Fabric | F33: Méthode | G33: Le dashboard doit être alimentable par simple ajout de lignes. | H33: 5 | I33: 5 | J33: Haute | K33: 3 | L33: Forte | M33: Forte | N33: Recommandé | O33: Utiliser Excel comme source modifiable et traçable. | P33: https://blog.fabric.microsoft.com/ | Q33: =H33*K33+I33 -> 20 | R33: Data model

Sheet Recommandations
A1: Reco_ID | B1: Thematique | C1: Recommandation | D1: Benefice_attendu | E1: Effort | F1: Impact | G1: Priorite | H1: Echeance | I1: Statut | J1: Lien_veille
A2: R001 | B2: Power BI | C2: Construire une page de veille synthétique en Power BI. | D2: Démontrer la compétence de veille et de restitution. | E2: Moyen | F2: Élevé | G2: 1 | H2: Court terme | I2: À faire | J2: V024
A3: R002 | B3: Data Quality | C3: Relier la veille à la fiabilité des données et aux contrôles. | D3: Renforcer le fil conducteur du portfolio. | E3: Faible | F3: Élevé | G3: 1 | H3: Court terme | I3: À faire | J3: V005
A4: R003 | B4: IA générative | C4: Surveiller les usages IA en BI sans les surpromettre. | D4: Montrer une posture responsable et critique. | E4: Faible | F4: Moyen | G4: 2 | H4: Court terme | I4: À faire | J4: V007
A5: R004 | B5: Réglementation & éthique | C5: Documenter les précautions RGPD / IA responsable. | D5: Sécuriser le discours devant un client sensible. | E5: Moyen | F5: Élevé | G5: 2 | H5: Court terme | I5: À faire | J5: V008
A6: R005 | B6: Self-service BI | C6: Prévoir une mini-formation Power BI centrée sur un graphique clair. | D6: Démontrer pédagogie et accompagnement. | E6: Moyen | F6: Élevé | G6: 1 | H6: Court terme | I6: À faire | J6: V029
A7: R006 | B7: Data Governance | C7: Ajouter une recommandation sur ownership, sources et traçabilité. | D7: Montrer une compréhension des enjeux entreprise. | E7: Faible | F7: Élevé | G7: 2 | H7: Court terme | I7: À faire | J7: V027
A8: R007 | B8: Automatisation / APIs | C8: Classer l’automatisation en piste d’évolution, hors périmètre immédiat. | D8: Éviter la complexité excessive du P11. | E8: Faible | F8: Moyen | G8: 3 | H8: Moyen terme | I8: À surveiller | J8: V013
A9: R008 | B9: Microsoft Fabric | C9: Présenter Fabric comme tendance stratégique, sans en faire le cœur du dashboard. | D9: Démontrer une veille actuelle et proportionnée. | E9: Faible | F9: Moyen | G9: 4 | H9: Moyen terme | I9: À surveiller | J9: V004
A10: R009 | B10: Data storytelling | C10: Formuler les titres des visuels comme des messages décisionnels. | D10: Rendre le dashboard utile à un décideur. | E10: Faible | F10: Élevé | G10: 2 | H10: Court terme | I10: À faire | J10: V022
A11: R010 | B11: Data Governance | C11: Conserver les liens sources dans le modèle Power BI. | D11: Assurer traçabilité et crédibilité. | E11: Faible | F11: Élevé | G11: 1 | H11: Court terme | I11: À faire | J11: V014

Sheet Modele_PowerBI
A1: Modèle Power BI recommandé
A4: Table | B4: Relation | C4: Cardinalité | D4: Utilisation
A5: Sources | B5: Sources[Source_ID] → Veille[Source_ID] | C5: 1 → n | D5: Filtrer les observations par source.
A6: Thematiques | B6: Thematiques[Thematique] → Veille[Thematique] | C6: 1 → n | D6: Filtrer et classer les sujets de veille.
A7: Veille | B7: Table de faits principale | C7: n | D7: KPI, matrice impact/maturité, histogrammes.
A8: Recommandations | B8: Recommandations[Thematique] → Thematiques[Thematique] | C8: n → 1 | D8: Actions à lancer et priorisation.
A9: Date | B9: Optionnel | C9: 1 → n | D9: À créer dans Power BI si besoin d’analyse temporelle.
A11: Mesure | B11: Formule DAX | D11: Zone dashboard | E11: Visuel Power BI | F11: Champs à utiliser | G11: But
A12: Nb sources | B12: DISTINCTCOUNT(Sources[Source_ID]) | D12: KPI | E12: Cartes | F12: Nb sources, Nb thématiques, Nb alertes prioritaires, Nb recommandations | G12: Vue immédiate de la veille.
A13: Nb sujets veille | B13: COUNTROWS(Veille) | D13: Impact & maturité | E13: Nuage de points | F13: X=Maturite, Y=Impact_metier, taille=Score_priorite, légende=Thematique | G13: Prioriser les sujets.
A14: Nb thématiques | B14: DISTINCTCOUNT(Veille[Thematique]) | D14: Sources & thématiques | E14: Barres horizontales | F14: Type_source ou Thematique + nombre de lignes | G14: Montrer la couverture de veille.
A15: Nb alertes prioritaires | B15: CALCULATE(COUNTROWS(Veille), Veille[Urgence] = "Haute") | D15: Recommandations | E15: Table ou carte multi-lignes | F15: Recommandation, Impact, Effort, Priorite | G15: Transformer l’observation en actions.
A16: Score moyen impact | B16: AVERAGE(Veille[Impact_metier]) | D16: Filtres | E16: Segments | F16: Thematique, Urgence, Statut, Frequence_suivi | G16: Permettre la lecture ciblée.
A17: Score moyen maturité | B17: AVERAGE(Veille[Maturite])
A18: Nb recommandations | B18: COUNTROWS(Recommandations)
A19: Nb recommandations priorité 1 | B19: CALCULATE(COUNTROWS(Recommandations), Recommandations[Priorite] = 1)

Sheet Controle
A1: Contrôle rapide du fichier source
A4: Contrôle | B4: Formule | C4: Résultat attendu
A5: Nombre de sources | B5: =COUNTA(Sources!A2:A100) -> 15 | C5: 15
A6: Nombre d’entrées de veille | B6: =COUNTA(Veille!A2:A200) -> 32 | C6: 32
A7: Nombre de thématiques | B7: =COUNTA(Thematiques!A2:A50) -> 8 | C7: 8
A8: Nombre de recommandations | B8: =COUNTA(Recommandations!A2:A50) -> 10 | C8: 10
A9: Alertes haute urgence | B9: =COUNTIF(Veille!J2:J200,"Haute") -> 12 | C9: >= 8
A10: Lignes sans Source_ID | B10: =COUNTIF(Veille!D2:D200,"") -> 167 | C10: 0
A11: Lignes sans recommandation | B11: =COUNTIF(Veille!O2:O200,"") -> 167 | C11: 0
A12: Score moyen impact | B12: =AVERAGE(Veille!H2:H200) -> 4.1875 | C12: Entre 3 et 5
